,ms,s,std,error,mean,,,,,,,,,,,,,,,,
thread_pool,15225,15.225,0.1126,,15.1124,,,,,,,,,,,,,,,,
thread_pool,14878,14.878,-0.2344,,15.1124,,,,,,,,,,,,,,,,
thread_pool,14960,14.96,-0.1524,,15.1124,,,,,,,,,,,,,,,,
thread_pool,15700,15.7,0.5876,,15.1124,,,,,,,,,,,,,,,,
thread_pool,15166,15.166,0.0536,,15.1124,,,,,,,,,,,,,,,,
thread_pool,15078,15.078,-0.0344,,15.1124,,,,,,,,,,,,,,,,
thread_pool,14952,14.952,-0.1604,,15.1124,,,,,,,,,,,,,,,,
thread_pool,15067,15.067,-0.0454,,15.1124,,,,,,,,,,,,,,,,
thread_pool,15145,15.145,0.0326,,15.1124,,,,,,,,,,,,,,,,
thread_pool,14953,14.953,-0.1594,,15.1124,,,,,,,,,,,,,,,,
,,,,,,,,,,,,,,,,,,,,,
,,,,,,,,,,,,,,,,,,,,,
,,,,,,,,,,,,,,,,,,,,,
,,,,,,,,,,,,,,,,,,,,,
,,,,,,,,,,,,,,,,,,,,,
,,,,,,,,,,,,,,,,,,,,,
,,,,,,,,,,,,,,,,,,,,,
,,,,,,,,,,,,,,,,,,,,, 
